"Category","RGS","AC","PValue","Bonferroni"
"Extracellular material",35,495,1.62820986810592e-21,2.93077776259066e-20
"Stress response",25,833,1.77488213975095e-08,3.19478785155171e-07
"Metabolism",29,1601,2.60081225927393e-05,0.000468146206669307
"Muscle function",5,62,0.000134566852579192,0.00242220334642546
