"Category","RGS","AC","PValue","Bonferroni"
"Metabolism: lipid",6,526,8.53655662538331e-05,0.00110975236129983
"Ribosome: subunit",3,92,0.000260139134098658,0.00338180874328255
