"Category","RGS","AC","PValue","Bonferroni"
"Stress response",74,833,2.73679950140871e-18,8.484078454367e-17
"Extracellular material",54,495,2.7174720946283e-17,8.42416349334773e-16
"Transcription factor",43,581,3.03018623194764e-09,9.39357731903768e-08
"Unassigned",230,6343,8.33951269056504e-07,2.58524893407516e-05
"Transmembrane transport",49,901,1.74743051923774e-06,5.41703460963699e-05
"Proteolysis general",27,394,7.65856662716182e-06,0.000237415565442016
"Metabolism",71,1601,1.21233654304979e-05,0.000375824328345435
